Назва,Ціна,Наявність
A Light in the ...,Â£51.77,In stock
Tipping the Velvet,Â£53.74,In stock
Soumission,Â£50.10,In stock
Sharp Objects,Â£47.82,In stock
Sapiens: A Brief History ...,Â£54.23,In stock
The Requiem Red,Â£22.65,In stock
The Dirty Little Secrets ...,Â£33.34,In stock
The Coming Woman: A ...,Â£17.93,In stock
The Boys in the ...,Â£22.60,In stock
The Black Maria,Â£52.15,In stock
Starving Hearts (Triangular Trade ...,Â£13.99,In stock
Shakespeare's Sonnets,Â£20.66,In stock
Set Me Free,Â£17.46,In stock
Scott Pilgrim's Precious Little ...,Â£52.29,In stock
Rip it Up and ...,Â£35.02,In stock
Our Band Could Be ...,Â£57.25,In stock
Olio,Â£23.88,In stock
Mesaerion: The Best Science ...,Â£37.59,In stock
Libertarianism for Beginners,Â£51.33,In stock
It's Only the Himalayas,Â£45.17,In stock
